ID,Oligo
0,gcatcagtaggctgcgtaGGGATTAGGCGGACCTCCATGAATACCGCCATCACAACGCGACCCTGGCTAGCGGCGTTCACGATCAAAGTTACTTTAGTCATGGCTCCATACTGTAGGCAAGGAGCAACACTTCTTtcgttaatatgcctgt
1,gcatcagtaggctgcgtaCTTTGAACTAAGGCTCGCAGAAGTCCCCCATTCTAGCAGGCCGTGCGATCGGGACCGTCGCTTTATTTCGAGAATGGGCCAGGAATGATCTACTGTCCTCAATCTTAATAGCATTTGtcgttaatatgcctgt
2,gcatcagtaggctgcgtaCACTCACTAGGTAAATTCTAAAAATAACTTAATGCGAATTATGCGCGTGTCAAAAACTGCGTATTTACGAAGAGATGGTAGAATGGCGGATGTTAAGATAAGACACGGGGCAGGTTGtcgttaatatgcctgt
3,gcatcagtaggctgcgtaAATTCCATAAAGTTAGTGGAATTTCAGATCCTACCATTTGTGTCCTTAAACGGTCAGAACGTACGAGAGTAGTATGGGGGTTAAGTGTAAGCAAGATCTGACTTGGCGCATGTCCCGtcgttaatatgcctgt
4,gcatcagtaggctgcgtaAGTTCGTATTTTTACAAATCCCGGACTGCATCGTCCTTTCATGTAGCACGGGCCCTGTGTCAGACGCACGATTTCTCCTAGAATTGCTCTTATTTAATGAGTGTGAGGCAAAGTTGTtcgttaatatgcctgt
5,gcatcagtaggctgcgtaTCGGCTCTAGCAAAAGGACGACAAATGAACTAGCCGGAGAACAGCAGTAGTTAAAAGTTATAAGAATTTACGCTCAGCAAGCGTAGCTAGCATGCGTCTTAATGATTCACAACTTTCtcgttaatatgcctgt
6,gcatcagtaggctgcgtaCTTTATGCATGAACATTCTCTGTCGCTTGGGGGGATGTACTCTCAAACAGGTTACGACACAAAGAACGCCAAGTATCTCCGAATCGTACAATCGTGTAGATTTGTTGAGATAGAGTTtcgttaatatgcctgt
7,gcatcagtaggctgcgtaAACGTAGAGCGCAATTCATCGCATTCTCCTGGCCTACTTACAGTTCAAAAGGTAGTCGCACGACAAAATCTTATACCTCGGGCTTTAACATATTTAGATTGCATGTGTTTAGCTGCGtcgttaatatgcctgt
8,gcatcagtaggctgcgtaTTCGAGAAAGGGGCGCAGCAGCTGCCCCGAAAAGCCCCATAAGAGTTGTGACTAAGTAAGAGCGTGCGAAGAATTTGATTCATACCTTGAAGAACTATTGGAGCTTTTATGTGAGCTtcgttaatatgcctgt
9,gcatcagtaggctgcgtaCGGTGATCTCTGCCGGGTAGTCTACCACTAGATTCATAGCACTTCACCTATAAATGATGGCGCTTGATTTATATCGCGAACGCAGCGATGGCGCTTCAATCTTATCCCGACGAGAGTtcgttaatatgcctgt
