peptide_id,Virus,Strain,Protein,Full_name,Oligo,Prot,Prot_Start
0,OC43,12689,spike,OC43_12689_spike,aggaattctacgctgagtATGTTCCTGATCCTGCTGATCTCTCTGCCGACCGCTTTCGCTGTTATCGGTGACCTGAACTGCACCCTGGACCCGCGTCTGAAAGGTTCTTTCAACAACCGTGACACCGGTCTGCCGtgatagcaagcttgcc,MFLILLISLPTAFAVIGDLNCTLDPRLKGSFNNRDTGLP,1
1,OC43,12689,spike,OC43_12689_spike,aggaattctacgctgagtTGCACCCTGGACCCGCGTCTGAAAGGTTCTTTCAACAACCGTGACACCGGTCTGCCGTCTATCTCTACCGACACCGTTGACGTTACCAACGGTCTGGGTACCTACTACGTTCTGGACtgatagcaagcttgcc,CTLDPRLKGSFNNRDTGLPSISTDTVDVTNGLGTYYVLD,21
2,OC43,12689,spike,OC43_12689_spike,aggaattctacgctgagtATCTCTACCGACACCGTTGACGTTACCAACGGTCTGGGTACCTACTACGTTCTGGACCGTGTTTACCTGAACACCACCCTGTTCCTGAACGGTTACTACCCGACCTCTGGTTCTACCtgatagcaagcttgcc,ISTDTVDVTNGLGTYYVLDRVYLNTTLFLNGYYPTSGST,41
3,OC43,12689,spike,OC43_12689_spike,aggaattctacgctgagtGTTTACCTGAACACCACCCTGTTCCTGAACGGTTACTACCCGACCTCTGGTTCTACCTACCGTAACATGGCTCTGAAAGGTACCGACCTGCTGTCTACCCTGTGGTTCAAACCGCCGtgatagcaagcttgcc,VYLNTTLFLNGYYPTSGSTYRNMALKGTDLLSTLWFKPP,61
4,OC43,12689,spike,OC43_12689_spike,aggaattctacgctgagtCGTAACATGGCTCTGAAAGGTACCGACCTGCTGTCTACCCTGTGGTTCAAACCGCCGTTCCTGTCTGACTTCATCAACGGTATCTTCGCTAAAGTTAAAAACACCAAAGTTTTCAAAtgatagcaagcttgcc,RNMALKGTDLLSTLWFKPPFLSDFINGIFAKVKNTKVFK,81
5,OC43,12689,spike,OC43_12689_spike,aggaattctacgctgagtCTGTCTGACTTCATCAACGGTATCTTCGCTAAAGTTAAAAACACCAAAGTTTTCAAAGACGGTGTTATGTACTCTGAGTTCCCGGCTATCACCATCGGTTCTACCTTCGTTAACACCtgatagcaagcttgcc,LSDFINGIFAKVKNTKVFKDGVMYSEFPAITIGSTFVNT,101
6,OC43,12689,spike,OC43_12689_spike,aggaattctacgctgagtGGTGTTATGTACTCTGAGTTCCCGGCTATCACCATCGGTTCTACCTTCGTTAACACCTCTTACTCTGTTGTTGTTCAGCCGCGTACCATCAACTCTACCCAGGACGGTGTTAACAAAtgatagcaagcttgcc,GVMYSEFPAITIGSTFVNTSYSVVVQPRTINSTQDGVNK,121
7,OC43,12689,spike,OC43_12689_spike,aggaattctacgctgagtTACTCTGTTGTTGTTCAGCCGCGTACCATCAACTCTACCCAGGACGGTGTTAACAAACTGCAGGGTCTGCTGGAAGTTTCTGTTTGCCAGTACAACATGTGCGAATACCCGCACACCtgatagcaagcttgcc,YSVVVQPRTINSTQDGVNKLQGLLEVSVCQYNMCEYPHT,141
8,OC43,12689,spike,OC43_12689_spike,aggaattctacgctgagtCAGGGTCTGCTGGAAGTTTCTGTTTGCCAGTACAACATGTGCGAATACCCGCACACCATCTGCCACCCGAACCTGGGTAACCACTTCAAAGAACTGTGGCACCTGGACACCGGTGTTtgatagcaagcttgcc,QGLLEVSVCQYNMCEYPHTICHPNLGNHFKELWHLDTGV,161
